docs/README.md	foundation/onboarding.md	foundation/onboarding.md	file	/Users/jim/code/oak/oak-mcp-ecosystem/docs/foundation/onboarding.md
docs/README.md	foundation/quick-start.md	foundation/quick-start.md	file	/Users/jim/code/oak/oak-mcp-ecosystem/docs/foundation/quick-start.md
docs/README.md	foundation/VISION.md	foundation/VISION.md	file	/Users/jim/code/oak/oak-mcp-ecosystem/docs/foundation/VISION.md
docs/README.md	../.cursor/commands/jc-start-right.md	../.cursor/commands/jc-start-right.md	file	/Users/jim/code/oak/oak-mcp-ecosystem/.cursor/commands/jc-start-right.md
docs/README.md	../.agent/prompts/start-right.prompt.md	../.agent/prompts/start-right.prompt.md	file	/Users/jim/code/oak/oak-mcp-ecosystem/.agent/prompts/start-right.prompt.md
docs/README.md	../.agent/skills/start-right/SKILL.md	../.agent/skills/start-right/SKILL.md	file	/Users/jim/code/oak/oak-mcp-ecosystem/.agent/skills/start-right/SKILL.md
docs/README.md	governance/ai-agent-guide.md	governance/ai-agent-guide.md	file	/Users/jim/code/oak/oak-mcp-ecosystem/docs/governance/ai-agent-guide.md
docs/README.md	architecture/architectural-decisions/	architecture/architectural-decisions/	dir	/Users/jim/code/oak/oak-mcp-ecosystem/docs/architecture/architectural-decisions
docs/README.md	architecture/openapi-pipeline.md	architecture/openapi-pipeline.md	file	/Users/jim/code/oak/oak-mcp-ecosystem/docs/architecture/openapi-pipeline.md
docs/README.md	architecture/architectural-decisions/	architecture/architectural-decisions/	dir	/Users/jim/code/oak/oak-mcp-ecosystem/docs/architecture/architectural-decisions
docs/README.md	architecture/architectural-decisions/029-no-manual-api-data.md	architecture/architectural-decisions/029-no-manual-api-data.md	file	/Users/jim/code/oak/oak-mcp-ecosystem/docs/architecture/architectural-decisions/029-no-manual-api-data.md
docs/README.md	architecture/architectural-decisions/030-sdk-single-source-truth.md	architecture/architectural-decisions/030-sdk-single-source-truth.md	file	/Users/jim/code/oak/oak-mcp-ecosystem/docs/architecture/architectural-decisions/030-sdk-single-source-truth.md
docs/README.md	architecture/architectural-decisions/031-generation-time-extraction.md	architecture/architectural-decisions/031-generation-time-extraction.md	file	/Users/jim/code/oak/oak-mcp-ecosystem/docs/architecture/architectural-decisions/031-generation-time-extraction.md
docs/README.md	architecture/architectural-decisions/048-shared-parse-schema-helper.md	architecture/architectural-decisions/048-shared-parse-schema-helper.md	file	/Users/jim/code/oak/oak-mcp-ecosystem/docs/architecture/architectural-decisions/048-shared-parse-schema-helper.md
docs/README.md	architecture/provider-system.md	architecture/provider-system.md	file	/Users/jim/code/oak/oak-mcp-ecosystem/docs/architecture/provider-system.md
docs/README.md	foundation/onboarding.md	foundation/onboarding.md	file	/Users/jim/code/oak/oak-mcp-ecosystem/docs/foundation/onboarding.md
docs/README.md	engineering/workflow.md	engineering/workflow.md	file	/Users/jim/code/oak/oak-mcp-ecosystem/docs/engineering/workflow.md
docs/README.md	operations/environment-variables.md	operations/environment-variables.md	file	/Users/jim/code/oak/oak-mcp-ecosystem/docs/operations/environment-variables.md
docs/README.md	engineering/extending.md	engineering/extending.md	file	/Users/jim/code/oak/oak-mcp-ecosystem/docs/engineering/extending.md
docs/README.md	operations/troubleshooting.md	operations/troubleshooting.md	file	/Users/jim/code/oak/oak-mcp-ecosystem/docs/operations/troubleshooting.md
docs/README.md	engineering/tooling.md	engineering/tooling.md	file	/Users/jim/code/oak/oak-mcp-ecosystem/docs/engineering/tooling.md
docs/README.md	domain/curriculum-guide.md	domain/curriculum-guide.md	file	/Users/jim/code/oak/oak-mcp-ecosystem/docs/domain/curriculum-guide.md
docs/README.md	domain/DATA-VARIANCES.md	domain/DATA-VARIANCES.md	file	/Users/jim/code/oak/oak-mcp-ecosystem/docs/domain/DATA-VARIANCES.md
docs/README.md	../packages/sdks/oak-curriculum-sdk/src/mcp/ontology-data.ts	../packages/sdks/oak-curriculum-sdk/src/mcp/ontology-data.ts	file	/Users/jim/code/oak/oak-mcp-ecosystem/packages/sdks/oak-curriculum-sdk/src/mcp/ontology-data.ts
docs/README.md	../packages/sdks/oak-sdk-codegen/src/mcp/property-graph-data.ts	../packages/sdks/oak-sdk-codegen/src/mcp/property-graph-data.ts	file	/Users/jim/code/oak/oak-mcp-ecosystem/packages/sdks/oak-sdk-codegen/src/mcp/property-graph-data.ts
docs/README.md	foundation/onboarding.md#12-the-agentic-engineering-practice	foundation/onboarding.md	file	/Users/jim/code/oak/oak-mcp-ecosystem/docs/foundation/onboarding.md
docs/README.md	architecture/architectural-decisions/119-agentic-engineering-practice.md	architecture/architectural-decisions/119-agentic-engineering-practice.md	file	/Users/jim/code/oak/oak-mcp-ecosystem/docs/architecture/architectural-decisions/119-agentic-engineering-practice.md
docs/README.md	../.agent/directives/practice.md	../.agent/directives/practice.md	file	/Users/jim/code/oak/oak-mcp-ecosystem/.agent/directives/practice.md
docs/README.md	governance/ai-agent-guide.md	governance/ai-agent-guide.md	file	/Users/jim/code/oak/oak-mcp-ecosystem/docs/governance/ai-agent-guide.md
docs/README.md	governance/development-practice.md	governance/development-practice.md	file	/Users/jim/code/oak/oak-mcp-ecosystem/docs/governance/development-practice.md
docs/README.md	governance/typescript-practice.md	governance/typescript-practice.md	file	/Users/jim/code/oak/oak-mcp-ecosystem/docs/governance/typescript-practice.md
docs/README.md	../.agent/directives/testing-strategy.md	../.agent/directives/testing-strategy.md	file	/Users/jim/code/oak/oak-mcp-ecosystem/.agent/directives/testing-strategy.md
docs/README.md	governance/safety-and-security.md	governance/safety-and-security.md	file	/Users/jim/code/oak/oak-mcp-ecosystem/docs/governance/safety-and-security.md
docs/README.md	../apps/oak-search-cli/README.md	../apps/oak-search-cli/README.md	file	/Users/jim/code/oak/oak-mcp-ecosystem/apps/oak-search-cli/README.md
docs/README.md	../apps/oak-search-cli/docs/ARCHITECTURE.md	../apps/oak-search-cli/docs/ARCHITECTURE.md	file	/Users/jim/code/oak/oak-mcp-ecosystem/apps/oak-search-cli/docs/ARCHITECTURE.md
docs/README.md	../apps/oak-search-cli/docs/ground-truths/ground-truth-protocol.md	../apps/oak-search-cli/docs/ground-truths/ground-truth-protocol.md	file	/Users/jim/code/oak/oak-mcp-ecosystem/apps/oak-search-cli/docs/ground-truths/ground-truth-protocol.md
docs/README.md	../.agent/plans/semantic-search/	../.agent/plans/semantic-search/	dir	/Users/jim/code/oak/oak-mcp-ecosystem/.agent/plans/semantic-search
docs/README.md	../.agent/prompts/GO.md	../.agent/prompts/GO.md	file	/Users/jim/code/oak/oak-mcp-ecosystem/.agent/prompts/GO.md
docs/README.md	../packages/sdks/oak-curriculum-sdk/README.md	../packages/sdks/oak-curriculum-sdk/README.md	file	/Users/jim/code/oak/oak-mcp-ecosystem/packages/sdks/oak-curriculum-sdk/README.md
docs/architecture/README.md	./openapi-pipeline.md	./openapi-pipeline.md	file	/Users/jim/code/oak/oak-mcp-ecosystem/docs/architecture/openapi-pipeline.md
docs/architecture/README.md	./greek-ecosystem-deprecation.md	./greek-ecosystem-deprecation.md	file	/Users/jim/code/oak/oak-mcp-ecosystem/docs/architecture/greek-ecosystem-deprecation.md
docs/architecture/README.md	./architectural-decisions/	./architectural-decisions/	dir	/Users/jim/code/oak/oak-mcp-ecosystem/docs/architecture/architectural-decisions
docs/architecture/README.md	./architectural-decisions/029-no-manual-api-data.md	./architectural-decisions/029-no-manual-api-data.md	file	/Users/jim/code/oak/oak-mcp-ecosystem/docs/architecture/architectural-decisions/029-no-manual-api-data.md
docs/architecture/README.md	./architectural-decisions/030-sdk-single-source-truth.md	./architectural-decisions/030-sdk-single-source-truth.md	file	/Users/jim/code/oak/oak-mcp-ecosystem/docs/architecture/architectural-decisions/030-sdk-single-source-truth.md
docs/architecture/README.md	./architectural-decisions/031-generation-time-extraction.md	./architectural-decisions/031-generation-time-extraction.md	file	/Users/jim/code/oak/oak-mcp-ecosystem/docs/architecture/architectural-decisions/031-generation-time-extraction.md
docs/architecture/README.md	./architectural-decisions/107-deterministic-sdk-nl-in-mcp-boundary.md	./architectural-decisions/107-deterministic-sdk-nl-in-mcp-boundary.md	file	/Users/jim/code/oak/oak-mcp-ecosystem/docs/architecture/architectural-decisions/107-deterministic-sdk-nl-in-mcp-boundary.md
docs/architecture/README.md	./programmatic-tool-generation.md	./programmatic-tool-generation.md	file	/Users/jim/code/oak/oak-mcp-ecosystem/docs/architecture/programmatic-tool-generation.md
docs/architecture/README.md	./openapi-pipeline.md	./openapi-pipeline.md	file	/Users/jim/code/oak/oak-mcp-ecosystem/docs/architecture/openapi-pipeline.md
docs/architecture/README.md	./provider-system.md	./provider-system.md	file	/Users/jim/code/oak/oak-mcp-ecosystem/docs/architecture/provider-system.md
docs/architecture/README.md	./provider-contracts.md	./provider-contracts.md	file	/Users/jim/code/oak/oak-mcp-ecosystem/docs/architecture/provider-contracts.md
docs/architecture/README.md	../foundation/onboarding.md	../foundation/onboarding.md	file	/Users/jim/code/oak/oak-mcp-ecosystem/docs/foundation/onboarding.md
docs/architecture/README.md	./programmatic-tool-generation.md	./programmatic-tool-generation.md	file	/Users/jim/code/oak/oak-mcp-ecosystem/docs/architecture/programmatic-tool-generation.md
docs/architecture/README.md	./provider-system.md	./provider-system.md	file	/Users/jim/code/oak/oak-mcp-ecosystem/docs/architecture/provider-system.md
docs/architecture/README.md	./provider-contracts.md	./provider-contracts.md	file	/Users/jim/code/oak/oak-mcp-ecosystem/docs/architecture/provider-contracts.md
docs/architecture/README.md	./architectural-decisions/029-no-manual-api-data.md	./architectural-decisions/029-no-manual-api-data.md	file	/Users/jim/code/oak/oak-mcp-ecosystem/docs/architecture/architectural-decisions/029-no-manual-api-data.md
docs/architecture/README.md	./architectural-decisions/030-sdk-single-source-truth.md	./architectural-decisions/030-sdk-single-source-truth.md	file	/Users/jim/code/oak/oak-mcp-ecosystem/docs/architecture/architectural-decisions/030-sdk-single-source-truth.md
docs/architecture/README.md	./architectural-decisions/031-generation-time-extraction.md	./architectural-decisions/031-generation-time-extraction.md	file	/Users/jim/code/oak/oak-mcp-ecosystem/docs/architecture/architectural-decisions/031-generation-time-extraction.md
docs/architecture/README.md	./architectural-decisions/040-neutral-architecture-and-identity-allowlist.md	./architectural-decisions/040-neutral-architecture-and-identity-allowlist.md	file	/Users/jim/code/oak/oak-mcp-ecosystem/docs/architecture/architectural-decisions/040-neutral-architecture-and-identity-allowlist.md
docs/architecture/README.md	./architectural-decisions/041-workspace-structure-option-a.md	./architectural-decisions/041-workspace-structure-option-a.md	file	/Users/jim/code/oak/oak-mcp-ecosystem/docs/architecture/architectural-decisions/041-workspace-structure-option-a.md
docs/architecture/README.md	./architectural-decisions/	./architectural-decisions/	dir	/Users/jim/code/oak/oak-mcp-ecosystem/docs/architecture/architectural-decisions
docs/architecture/README.md	../governance/development-practice.md	../governance/development-practice.md	file	/Users/jim/code/oak/oak-mcp-ecosystem/docs/governance/development-practice.md
docs/architecture/README.md	../../.agent/directives/testing-strategy.md	../../.agent/directives/testing-strategy.md	file	/Users/jim/code/oak/oak-mcp-ecosystem/.agent/directives/testing-strategy.md
docs/architecture/README.md	../governance/typescript-practice.md	../governance/typescript-practice.md	file	/Users/jim/code/oak/oak-mcp-ecosystem/docs/governance/typescript-practice.md
docs/architecture/README.md	../../.agent/plans/archive/completed/architectural-refinements-plan.md	../../.agent/plans/archive/completed/architectural-refinements-plan.md	file	/Users/jim/code/oak/oak-mcp-ecosystem/.agent/plans/archive/completed/architectural-refinements-plan.md
docs/architecture/README.md	../../.agent/plans/archive/completed/workspace-structure-options.md	../../.agent/plans/archive/completed/workspace-structure-options.md	file	/Users/jim/code/oak/oak-mcp-ecosystem/.agent/plans/archive/completed/workspace-structure-options.md
docs/architecture/README.md	../../.agent/plans/icebox/serverless-hosting-plan.md	../../.agent/plans/icebox/serverless-hosting-plan.md	file	/Users/jim/code/oak/oak-mcp-ecosystem/.agent/plans/icebox/serverless-hosting-plan.md
docs/architecture/README.md	./openai-connector-deprecation.md	./openai-connector-deprecation.md	file	/Users/jim/code/oak/oak-mcp-ecosystem/docs/architecture/openai-connector-deprecation.md
docs/architecture/openai-connector-deprecation.md	./architectural-decisions/046-openai-connector-facades-in-streamable-http.md	./architectural-decisions/046-openai-connector-facades-in-streamable-http.md	file	/Users/jim/code/oak/oak-mcp-ecosystem/docs/architecture/architectural-decisions/046-openai-connector-facades-in-streamable-http.md
docs/architecture/openai-connector-deprecation.md	../../.agent/plans/README.md	../../.agent/plans/README.md	file	/Users/jim/code/oak/oak-mcp-ecosystem/.agent/plans/README.md
docs/architecture/openai-connector-deprecation.md	../../.agent/plans/completed-plans.md	../../.agent/plans/completed-plans.md	file	/Users/jim/code/oak/oak-mcp-ecosystem/.agent/plans/completed-plans.md
docs/architecture/openapi-pipeline.md	./architectural-decisions/029-no-manual-api-data.md	./architectural-decisions/029-no-manual-api-data.md	file	/Users/jim/code/oak/oak-mcp-ecosystem/docs/architecture/architectural-decisions/029-no-manual-api-data.md
docs/architecture/openapi-pipeline.md	./architectural-decisions/030-sdk-single-source-truth.md	./architectural-decisions/030-sdk-single-source-truth.md	file	/Users/jim/code/oak/oak-mcp-ecosystem/docs/architecture/architectural-decisions/030-sdk-single-source-truth.md
docs/architecture/openapi-pipeline.md	./architectural-decisions/031-generation-time-extraction.md	./architectural-decisions/031-generation-time-extraction.md	file	/Users/jim/code/oak/oak-mcp-ecosystem/docs/architecture/architectural-decisions/031-generation-time-extraction.md
docs/architecture/openapi-pipeline.md	./architectural-decisions/048-shared-parse-schema-helper.md	./architectural-decisions/048-shared-parse-schema-helper.md	file	/Users/jim/code/oak/oak-mcp-ecosystem/docs/architecture/architectural-decisions/048-shared-parse-schema-helper.md
docs/architecture/openapi-pipeline.md	./programmatic-tool-generation.md	./programmatic-tool-generation.md	file	/Users/jim/code/oak/oak-mcp-ecosystem/docs/architecture/programmatic-tool-generation.md
docs/architecture/openapi-pipeline.md	../../packages/sdks/oak-curriculum-sdk/README.md	../../packages/sdks/oak-curriculum-sdk/README.md	file	/Users/jim/code/oak/oak-mcp-ecosystem/packages/sdks/oak-curriculum-sdk/README.md
docs/architecture/openapi-pipeline.md	../foundation/onboarding.md	../foundation/onboarding.md	file	/Users/jim/code/oak/oak-mcp-ecosystem/docs/foundation/onboarding.md
docs/architecture/openapi-pipeline.md	../../.agent/directives/schema-first-execution.md	../../.agent/directives/schema-first-execution.md	file	/Users/jim/code/oak/oak-mcp-ecosystem/.agent/directives/schema-first-execution.md
docs/architecture/openapi-pipeline.md	../../.agent/directives/schema-first-execution.md	../../.agent/directives/schema-first-execution.md	file	/Users/jim/code/oak/oak-mcp-ecosystem/.agent/directives/schema-first-execution.md
docs/architecture/openapi-pipeline.md	./architectural-decisions/029-no-manual-api-data.md	./architectural-decisions/029-no-manual-api-data.md	file	/Users/jim/code/oak/oak-mcp-ecosystem/docs/architecture/architectural-decisions/029-no-manual-api-data.md
docs/architecture/openapi-pipeline.md	./architectural-decisions/030-sdk-single-source-truth.md	./architectural-decisions/030-sdk-single-source-truth.md	file	/Users/jim/code/oak/oak-mcp-ecosystem/docs/architecture/architectural-decisions/030-sdk-single-source-truth.md
docs/architecture/openapi-pipeline.md	./architectural-decisions/031-generation-time-extraction.md	./architectural-decisions/031-generation-time-extraction.md	file	/Users/jim/code/oak/oak-mcp-ecosystem/docs/architecture/architectural-decisions/031-generation-time-extraction.md
docs/architecture/openapi-pipeline.md	./architectural-decisions/055-zod-version-boundaries.md	./architectural-decisions/055-zod-version-boundaries.md	file	/Users/jim/code/oak/oak-mcp-ecosystem/docs/architecture/architectural-decisions/055-zod-version-boundaries.md
docs/architecture/openapi-pipeline.md	./architectural-decisions/108-sdk-workspace-decomposition.md	./architectural-decisions/108-sdk-workspace-decomposition.md	file	/Users/jim/code/oak/oak-mcp-ecosystem/docs/architecture/architectural-decisions/108-sdk-workspace-decomposition.md
docs/architecture/openapi-pipeline.md	../../.agent/plans/external/castr/README.md	../../.agent/plans/external/castr/README.md	file	/Users/jim/code/oak/oak-mcp-ecosystem/.agent/plans/external/castr/README.md
docs/architecture/programmatic-tool-generation.md	architectural-decisions/029-no-manual-api-data.md	architectural-decisions/029-no-manual-api-data.md	file	/Users/jim/code/oak/oak-mcp-ecosystem/docs/architecture/architectural-decisions/029-no-manual-api-data.md
docs/architecture/programmatic-tool-generation.md	architectural-decisions/030-sdk-single-source-truth.md	architectural-decisions/030-sdk-single-source-truth.md	file	/Users/jim/code/oak/oak-mcp-ecosystem/docs/architecture/architectural-decisions/030-sdk-single-source-truth.md
docs/architecture/programmatic-tool-generation.md	architectural-decisions/031-generation-time-extraction.md	architectural-decisions/031-generation-time-extraction.md	file	/Users/jim/code/oak/oak-mcp-ecosystem/docs/architecture/architectural-decisions/031-generation-time-extraction.md
docs/architecture/programmatic-tool-generation.md	../../.agent/plans/README.md	../../.agent/plans/README.md	file	/Users/jim/code/oak/oak-mcp-ecosystem/.agent/plans/README.md
docs/architecture/programmatic-tool-generation.md	../../.agent/plans/completed-plans.md	../../.agent/plans/completed-plans.md	file	/Users/jim/code/oak/oak-mcp-ecosystem/.agent/plans/completed-plans.md
docs/architecture/provider-contracts.md	../../apps/oak-curriculum-mcp-stdio/src/app/wiring.ts	../../apps/oak-curriculum-mcp-stdio/src/app/wiring.ts	file	/Users/jim/code/oak/oak-mcp-ecosystem/apps/oak-curriculum-mcp-stdio/src/app/wiring.ts
docs/architecture/provider-contracts.md	../../apps/oak-curriculum-mcp-streamable-http/src/handlers.ts	../../apps/oak-curriculum-mcp-streamable-http/src/handlers.ts	file	/Users/jim/code/oak/oak-mcp-ecosystem/apps/oak-curriculum-mcp-streamable-http/src/handlers.ts
docs/architecture/provider-contracts.md	../../apps/oak-curriculum-mcp-streamable-http/src/runtime-config.ts	../../apps/oak-curriculum-mcp-streamable-http/src/runtime-config.ts	file	/Users/jim/code/oak/oak-mcp-ecosystem/apps/oak-curriculum-mcp-streamable-http/src/runtime-config.ts
docs/architecture/provider-contracts.md	../../apps/oak-curriculum-mcp-stdio/src/runtime-config.ts	../../apps/oak-curriculum-mcp-stdio/src/runtime-config.ts	file	/Users/jim/code/oak/oak-mcp-ecosystem/apps/oak-curriculum-mcp-stdio/src/runtime-config.ts
docs/architecture/provider-contracts.md	./provider-system.md	./provider-system.md	file	/Users/jim/code/oak/oak-mcp-ecosystem/docs/architecture/provider-system.md
docs/architecture/provider-contracts.md	./openapi-pipeline.md#execution-model-schema-first-tool-invocation	./openapi-pipeline.md	file	/Users/jim/code/oak/oak-mcp-ecosystem/docs/architecture/openapi-pipeline.md
docs/architecture/provider-system.md	../../apps/oak-curriculum-mcp-stdio/src/app/wiring.ts	../../apps/oak-curriculum-mcp-stdio/src/app/wiring.ts	file	/Users/jim/code/oak/oak-mcp-ecosystem/apps/oak-curriculum-mcp-stdio/src/app/wiring.ts
docs/architecture/provider-system.md	../../apps/oak-curriculum-mcp-stdio/src/runtime-config.ts	../../apps/oak-curriculum-mcp-stdio/src/runtime-config.ts	file	/Users/jim/code/oak/oak-mcp-ecosystem/apps/oak-curriculum-mcp-stdio/src/runtime-config.ts
docs/architecture/provider-system.md	../../apps/oak-curriculum-mcp-streamable-http/src/application.ts	../../apps/oak-curriculum-mcp-streamable-http/src/application.ts	file	/Users/jim/code/oak/oak-mcp-ecosystem/apps/oak-curriculum-mcp-streamable-http/src/application.ts
docs/architecture/provider-system.md	../../apps/oak-curriculum-mcp-streamable-http/src/runtime-config.ts	../../apps/oak-curriculum-mcp-streamable-http/src/runtime-config.ts	file	/Users/jim/code/oak/oak-mcp-ecosystem/apps/oak-curriculum-mcp-streamable-http/src/runtime-config.ts
docs/architecture/provider-system.md	./provider-contracts.md	./provider-contracts.md	file	/Users/jim/code/oak/oak-mcp-ecosystem/docs/architecture/provider-contracts.md
docs/architecture/provider-system.md	./openapi-pipeline.md	./openapi-pipeline.md	file	/Users/jim/code/oak/oak-mcp-ecosystem/docs/architecture/openapi-pipeline.md
docs/architecture/provider-system.md	./programmatic-tool-generation.md	./programmatic-tool-generation.md	file	/Users/jim/code/oak/oak-mcp-ecosystem/docs/architecture/programmatic-tool-generation.md
docs/domain/DATA-VARIANCES.md	../../.agent/analysis/curriculum-structure-analysis.md	../../.agent/analysis/curriculum-structure-analysis.md	file	/Users/jim/code/oak/oak-mcp-ecosystem/.agent/analysis/curriculum-structure-analysis.md
docs/domain/DATA-VARIANCES.md	../../packages/sdks/oak-curriculum-sdk/src/mcp/ontology-data.ts	../../packages/sdks/oak-curriculum-sdk/src/mcp/ontology-data.ts	file	/Users/jim/code/oak/oak-mcp-ecosystem/packages/sdks/oak-curriculum-sdk/src/mcp/ontology-data.ts
docs/domain/DATA-VARIANCES.md	../../.agent/plans/external/ooc-api-wishlist/01-derived-fields-and-ks4-metadata.md	../../.agent/plans/external/ooc-api-wishlist/01-derived-fields-and-ks4-metadata.md	file	/Users/jim/code/oak/oak-mcp-ecosystem/.agent/plans/external/ooc-api-wishlist/01-derived-fields-and-ks4-metadata.md
docs/domain/DATA-VARIANCES.md	../../packages/sdks/oak-curriculum-sdk/src/mcp/ontology-data.ts	../../packages/sdks/oak-curriculum-sdk/src/mcp/ontology-data.ts	file	/Users/jim/code/oak/oak-mcp-ecosystem/packages/sdks/oak-curriculum-sdk/src/mcp/ontology-data.ts
docs/domain/DATA-VARIANCES.md	../../.agent/plans/external/ooc-api-wishlist/00-overview-and-known-issues.md	../../.agent/plans/external/ooc-api-wishlist/00-overview-and-known-issues.md	file	/Users/jim/code/oak/oak-mcp-ecosystem/.agent/plans/external/ooc-api-wishlist/00-overview-and-known-issues.md
docs/domain/DATA-VARIANCES.md	../../.agent/plans/external/ooc-api-wishlist/00-overview-and-known-issues.md	../../.agent/plans/external/ooc-api-wishlist/00-overview-and-known-issues.md	file	/Users/jim/code/oak/oak-mcp-ecosystem/.agent/plans/external/ooc-api-wishlist/00-overview-and-known-issues.md
docs/domain/DATA-VARIANCES.md	../../packages/sdks/oak-sdk-codegen/src/mcp/property-graph-data.ts	../../packages/sdks/oak-sdk-codegen/src/mcp/property-graph-data.ts	file	/Users/jim/code/oak/oak-mcp-ecosystem/packages/sdks/oak-sdk-codegen/src/mcp/property-graph-data.ts
docs/domain/DATA-VARIANCES.md	../../.agent/plans/external/ooc-api-wishlist/05-medium-priority-requests.md	../../.agent/plans/external/ooc-api-wishlist/05-medium-priority-requests.md	file	/Users/jim/code/oak/oak-mcp-ecosystem/.agent/plans/external/ooc-api-wishlist/05-medium-priority-requests.md
docs/domain/DATA-VARIANCES.md	../../.agent/plans/external/ooc-api-wishlist/00-overview-and-known-issues.md	../../.agent/plans/external/ooc-api-wishlist/00-overview-and-known-issues.md	file	/Users/jim/code/oak/oak-mcp-ecosystem/.agent/plans/external/ooc-api-wishlist/00-overview-and-known-issues.md
docs/domain/DATA-VARIANCES.md	../../.agent/plans/external/ooc-api-wishlist/00-overview-and-known-issues.md	../../.agent/plans/external/ooc-api-wishlist/00-overview-and-known-issues.md	file	/Users/jim/code/oak/oak-mcp-ecosystem/.agent/plans/external/ooc-api-wishlist/00-overview-and-known-issues.md
docs/domain/DATA-VARIANCES.md	../../packages/sdks/oak-sdk-codegen/src/types/generated/api-schema/api-schema-sdk.json	../../packages/sdks/oak-sdk-codegen/src/types/generated/api-schema/api-schema-sdk.json	file	/Users/jim/code/oak/oak-mcp-ecosystem/packages/sdks/oak-sdk-codegen/src/types/generated/api-schema/api-schema-sdk.json
docs/domain/DATA-VARIANCES.md	../../.agent/analysis/curriculum-structure-analysis.md	../../.agent/analysis/curriculum-structure-analysis.md	file	/Users/jim/code/oak/oak-mcp-ecosystem/.agent/analysis/curriculum-structure-analysis.md
docs/domain/DATA-VARIANCES.md	../../.agent/analysis/transcript-availability-analysis.md	../../.agent/analysis/transcript-availability-analysis.md	file	/Users/jim/code/oak/oak-mcp-ecosystem/.agent/analysis/transcript-availability-analysis.md
docs/domain/DATA-VARIANCES.md	../../.agent/analysis/category-availability-by-subject.md	../../.agent/analysis/category-availability-by-subject.md	file	/Users/jim/code/oak/oak-mcp-ecosystem/.agent/analysis/category-availability-by-subject.md
docs/domain/DATA-VARIANCES.md	../../.agent/plans/external/ooc-api-wishlist/00-overview-and-known-issues.md	../../.agent/plans/external/ooc-api-wishlist/00-overview-and-known-issues.md	file	/Users/jim/code/oak/oak-mcp-ecosystem/.agent/plans/external/ooc-api-wishlist/00-overview-and-known-issues.md
docs/domain/DATA-VARIANCES.md	../../.agent/plans/external/ooc-api-wishlist/01-derived-fields-and-ks4-metadata.md	../../.agent/plans/external/ooc-api-wishlist/01-derived-fields-and-ks4-metadata.md	file	/Users/jim/code/oak/oak-mcp-ecosystem/.agent/plans/external/ooc-api-wishlist/01-derived-fields-and-ks4-metadata.md
docs/domain/DATA-VARIANCES.md	../../.agent/plans/external/ooc-api-wishlist/05-medium-priority-requests.md	../../.agent/plans/external/ooc-api-wishlist/05-medium-priority-requests.md	file	/Users/jim/code/oak/oak-mcp-ecosystem/.agent/plans/external/ooc-api-wishlist/05-medium-priority-requests.md
docs/domain/DATA-VARIANCES.md	../../.agent/plans/external/ooc-api-wishlist/15-bulk-download-examples.md	../../.agent/plans/external/ooc-api-wishlist/15-bulk-download-examples.md	file	/Users/jim/code/oak/oak-mcp-ecosystem/.agent/plans/external/ooc-api-wishlist/15-bulk-download-examples.md
docs/domain/DATA-VARIANCES.md	../../.agent/plans/external/ooc-api-wishlist/index.md	../../.agent/plans/external/ooc-api-wishlist/index.md	file	/Users/jim/code/oak/oak-mcp-ecosystem/.agent/plans/external/ooc-api-wishlist/index.md
docs/domain/DATA-VARIANCES.md	../../.agent/plans/semantic-search/README.md	../../.agent/plans/semantic-search/README.md	file	/Users/jim/code/oak/oak-mcp-ecosystem/.agent/plans/semantic-search/README.md
docs/domain/DATA-VARIANCES.md	../../packages/sdks/oak-curriculum-sdk/src/mcp/ontology-data.ts	../../packages/sdks/oak-curriculum-sdk/src/mcp/ontology-data.ts	file	/Users/jim/code/oak/oak-mcp-ecosystem/packages/sdks/oak-curriculum-sdk/src/mcp/ontology-data.ts
docs/domain/DATA-VARIANCES.md	../../packages/sdks/oak-sdk-codegen/src/mcp/property-graph-data.ts	../../packages/sdks/oak-sdk-codegen/src/mcp/property-graph-data.ts	file	/Users/jim/code/oak/oak-mcp-ecosystem/packages/sdks/oak-sdk-codegen/src/mcp/property-graph-data.ts
docs/domain/DATA-VARIANCES.md	../../packages/sdks/oak-sdk-codegen/src/types/generated/api-schema/api-schema-sdk.json	../../packages/sdks/oak-sdk-codegen/src/types/generated/api-schema/api-schema-sdk.json	file	/Users/jim/code/oak/oak-mcp-ecosystem/packages/sdks/oak-sdk-codegen/src/types/generated/api-schema/api-schema-sdk.json
docs/domain/DATA-VARIANCES.md	../../apps/oak-search-cli/docs/DATA-COMPLETENESS.md	../../apps/oak-search-cli/docs/DATA-COMPLETENESS.md	file	/Users/jim/code/oak/oak-mcp-ecosystem/apps/oak-search-cli/docs/DATA-COMPLETENESS.md
docs/domain/DATA-VARIANCES.md	../../apps/oak-search-cli/docs/INDEXING.md	../../apps/oak-search-cli/docs/INDEXING.md	file	/Users/jim/code/oak/oak-mcp-ecosystem/apps/oak-search-cli/docs/INDEXING.md
docs/domain/README.md	DATA-VARIANCES.md	DATA-VARIANCES.md	file	/Users/jim/code/oak/oak-mcp-ecosystem/docs/domain/DATA-VARIANCES.md
docs/domain/README.md	../../packages/sdks/oak-curriculum-sdk/src/mcp/ontology-data.ts	../../packages/sdks/oak-curriculum-sdk/src/mcp/ontology-data.ts	file	/Users/jim/code/oak/oak-mcp-ecosystem/packages/sdks/oak-curriculum-sdk/src/mcp/ontology-data.ts
docs/domain/README.md	../../packages/sdks/oak-sdk-codegen/src/mcp/property-graph-data.ts	../../packages/sdks/oak-sdk-codegen/src/mcp/property-graph-data.ts	file	/Users/jim/code/oak/oak-mcp-ecosystem/packages/sdks/oak-sdk-codegen/src/mcp/property-graph-data.ts
docs/domain/README.md	../../.agent/plans/semantic-search/	../../.agent/plans/semantic-search/	dir	/Users/jim/code/oak/oak-mcp-ecosystem/.agent/plans/semantic-search
docs/domain/README.md	../../.agent/plans/semantic-search/README.md	../../.agent/plans/semantic-search/README.md	file	/Users/jim/code/oak/oak-mcp-ecosystem/.agent/plans/semantic-search/README.md
docs/domain/curriculum-guide.md	./DATA-VARIANCES.md	./DATA-VARIANCES.md	file	/Users/jim/code/oak/oak-mcp-ecosystem/docs/domain/DATA-VARIANCES.md
docs/domain/curriculum-guide.md	../foundation/VISION.md	../foundation/VISION.md	file	/Users/jim/code/oak/oak-mcp-ecosystem/docs/foundation/VISION.md
docs/domain/curriculum-guide.md	../foundation/quick-start.md	../foundation/quick-start.md	file	/Users/jim/code/oak/oak-mcp-ecosystem/docs/foundation/quick-start.md
docs/domain/curriculum-guide.md	../governance/ai-agent-guide.md	../governance/ai-agent-guide.md	file	/Users/jim/code/oak/oak-mcp-ecosystem/docs/governance/ai-agent-guide.md
docs/domain/curriculum-guide.md	./DATA-VARIANCES.md	./DATA-VARIANCES.md	file	/Users/jim/code/oak/oak-mcp-ecosystem/docs/domain/DATA-VARIANCES.md
docs/domain/curriculum-guide.md	../foundation/VISION.md	../foundation/VISION.md	file	/Users/jim/code/oak/oak-mcp-ecosystem/docs/foundation/VISION.md
docs/domain/curriculum-guide.md	../../packages/sdks/oak-curriculum-sdk/src/mcp/ontology-data.ts	../../packages/sdks/oak-curriculum-sdk/src/mcp/ontology-data.ts	file	/Users/jim/code/oak/oak-mcp-ecosystem/packages/sdks/oak-curriculum-sdk/src/mcp/ontology-data.ts
docs/engineering/README.md	../foundation/onboarding.md	../foundation/onboarding.md	file	/Users/jim/code/oak/oak-mcp-ecosystem/docs/foundation/onboarding.md
docs/engineering/README.md	./tooling.md	./tooling.md	file	/Users/jim/code/oak/oak-mcp-ecosystem/docs/engineering/tooling.md
docs/engineering/README.md	./build-system.md	./build-system.md	file	/Users/jim/code/oak/oak-mcp-ecosystem/docs/engineering/build-system.md
docs/engineering/README.md	../operations/troubleshooting.md	../operations/troubleshooting.md	file	/Users/jim/code/oak/oak-mcp-ecosystem/docs/operations/troubleshooting.md
docs/engineering/README.md	./ci-policy.md	./ci-policy.md	file	/Users/jim/code/oak/oak-mcp-ecosystem/docs/engineering/ci-policy.md
docs/engineering/README.md	./testing-patterns.md	./testing-patterns.md	file	/Users/jim/code/oak/oak-mcp-ecosystem/docs/engineering/testing-patterns.md
docs/engineering/README.md	./release-and-publishing.md	./release-and-publishing.md	file	/Users/jim/code/oak/oak-mcp-ecosystem/docs/engineering/release-and-publishing.md
docs/engineering/README.md	../operations/environment-variables.md	../operations/environment-variables.md	file	/Users/jim/code/oak/oak-mcp-ecosystem/docs/operations/environment-variables.md
docs/engineering/README.md	../operations/production-debugging-runbook.md	../operations/production-debugging-runbook.md	file	/Users/jim/code/oak/oak-mcp-ecosystem/docs/operations/production-debugging-runbook.md
docs/engineering/README.md	../foundation/onboarding.md	../foundation/onboarding.md	file	/Users/jim/code/oak/oak-mcp-ecosystem/docs/foundation/onboarding.md
docs/engineering/README.md	../operations/troubleshooting.md	../operations/troubleshooting.md	file	/Users/jim/code/oak/oak-mcp-ecosystem/docs/operations/troubleshooting.md
docs/engineering/build-system.md	../architecture/architectural-decisions/121-quality-gate-surfaces.md	../architecture/architectural-decisions/121-quality-gate-surfaces.md	file	/Users/jim/code/oak/oak-mcp-ecosystem/docs/architecture/architectural-decisions/121-quality-gate-surfaces.md
docs/engineering/build-system.md	../architecture/architectural-decisions/065-turbo-task-dependencies.md	../architecture/architectural-decisions/065-turbo-task-dependencies.md	file	/Users/jim/code/oak/oak-mcp-ecosystem/docs/architecture/architectural-decisions/065-turbo-task-dependencies.md
docs/engineering/build-system.md	../architecture/architectural-decisions/065-turbo-task-dependencies.md	../architecture/architectural-decisions/065-turbo-task-dependencies.md	file	/Users/jim/code/oak/oak-mcp-ecosystem/docs/architecture/architectural-decisions/065-turbo-task-dependencies.md
docs/engineering/build-system.md	../architecture/architectural-decisions/010-tsup-for-bundling.md	../architecture/architectural-decisions/010-tsup-for-bundling.md	file	/Users/jim/code/oak/oak-mcp-ecosystem/docs/architecture/architectural-decisions/010-tsup-for-bundling.md
docs/engineering/build-system.md	../architecture/architectural-decisions/012-pnpm-package-manager.md	../architecture/architectural-decisions/012-pnpm-package-manager.md	file	/Users/jim/code/oak/oak-mcp-ecosystem/docs/architecture/architectural-decisions/012-pnpm-package-manager.md
docs/engineering/build-system.md	./tooling.md	./tooling.md	file	/Users/jim/code/oak/oak-mcp-ecosystem/docs/engineering/tooling.md
docs/engineering/extending.md	../../.agent/directives/schema-first-execution.md	../../.agent/directives/schema-first-execution.md	file	/Users/jim/code/oak/oak-mcp-ecosystem/.agent/directives/schema-first-execution.md
docs/engineering/extending.md	../architecture/openapi-pipeline.md#known-constraints-and-limitations	../architecture/openapi-pipeline.md	file	/Users/jim/code/oak/oak-mcp-ecosystem/docs/architecture/openapi-pipeline.md
docs/engineering/extending.md	../architecture/architectural-decisions/107-deterministic-sdk-nl-in-mcp-boundary.md	../architecture/architectural-decisions/107-deterministic-sdk-nl-in-mcp-boundary.md	file	/Users/jim/code/oak/oak-mcp-ecosystem/docs/architecture/architectural-decisions/107-deterministic-sdk-nl-in-mcp-boundary.md
docs/engineering/extending.md	../../apps/oak-search-cli/docs/ground-truths/ground-truth-protocol.md	../../apps/oak-search-cli/docs/ground-truths/ground-truth-protocol.md	file	/Users/jim/code/oak/oak-mcp-ecosystem/apps/oak-search-cli/docs/ground-truths/ground-truth-protocol.md
docs/engineering/extending.md	../architecture/architectural-decisions/074-elastic-native-first-philosophy.md	../architecture/architectural-decisions/074-elastic-native-first-philosophy.md	file	/Users/jim/code/oak/oak-mcp-ecosystem/docs/architecture/architectural-decisions/074-elastic-native-first-philosophy.md
docs/engineering/extending.md	../architecture/architectural-decisions/076-elser-only-embedding-strategy.md	../architecture/architectural-decisions/076-elser-only-embedding-strategy.md	file	/Users/jim/code/oak/oak-mcp-ecosystem/docs/architecture/architectural-decisions/076-elser-only-embedding-strategy.md
docs/engineering/extending.md	../architecture/architectural-decisions/048-shared-parse-schema-helper.md	../architecture/architectural-decisions/048-shared-parse-schema-helper.md	file	/Users/jim/code/oak/oak-mcp-ecosystem/docs/architecture/architectural-decisions/048-shared-parse-schema-helper.md
docs/engineering/extending.md	../architecture/architectural-decisions/041-workspace-structure-option-a.md	../architecture/architectural-decisions/041-workspace-structure-option-a.md	file	/Users/jim/code/oak/oak-mcp-ecosystem/docs/architecture/architectural-decisions/041-workspace-structure-option-a.md
docs/engineering/extending.md	./build-system.md	./build-system.md	file	/Users/jim/code/oak/oak-mcp-ecosystem/docs/engineering/build-system.md
docs/engineering/testing-patterns.md	../../.agent/directives/testing-strategy.md	../../.agent/directives/testing-strategy.md	file	/Users/jim/code/oak/oak-mcp-ecosystem/.agent/directives/testing-strategy.md
docs/engineering/testing-patterns.md	../architecture/architectural-decisions/078-dependency-injection-for-testability.md	../architecture/architectural-decisions/078-dependency-injection-for-testability.md	file	/Users/jim/code/oak/oak-mcp-ecosystem/docs/architecture/architectural-decisions/078-dependency-injection-for-testability.md
docs/engineering/testing-patterns.md	../architecture/architectural-decisions/078-dependency-injection-for-testability.md	../architecture/architectural-decisions/078-dependency-injection-for-testability.md	file	/Users/jim/code/oak/oak-mcp-ecosystem/docs/architecture/architectural-decisions/078-dependency-injection-for-testability.md
docs/engineering/testing-patterns.md	../../.agent/directives/testing-strategy.md	../../.agent/directives/testing-strategy.md	file	/Users/jim/code/oak/oak-mcp-ecosystem/.agent/directives/testing-strategy.md
docs/engineering/tooling.md	./build-system.md	./build-system.md	file	/Users/jim/code/oak/oak-mcp-ecosystem/docs/engineering/build-system.md
docs/engineering/workflow.md	../../.agent/directives/testing-strategy.md	../../.agent/directives/testing-strategy.md	file	/Users/jim/code/oak/oak-mcp-ecosystem/.agent/directives/testing-strategy.md
docs/engineering/workflow.md	./build-system.md	./build-system.md	file	/Users/jim/code/oak/oak-mcp-ecosystem/docs/engineering/build-system.md
docs/engineering/workflow.md	../foundation/onboarding.md#prerequisites	../foundation/onboarding.md	file	/Users/jim/code/oak/oak-mcp-ecosystem/docs/foundation/onboarding.md
docs/engineering/workflow.md	../../CONTRIBUTING.md	../../CONTRIBUTING.md	file	/Users/jim/code/oak/oak-mcp-ecosystem/CONTRIBUTING.md
docs/engineering/workflow.md	../architecture/architectural-decisions/121-quality-gate-surfaces.md	../architecture/architectural-decisions/121-quality-gate-surfaces.md	file	/Users/jim/code/oak/oak-mcp-ecosystem/docs/architecture/architectural-decisions/121-quality-gate-surfaces.md
docs/engineering/workflow.md	build-system.md#quality-gate-surfaces	build-system.md	file	/Users/jim/code/oak/oak-mcp-ecosystem/docs/engineering/build-system.md
docs/engineering/workflow.md	./release-and-publishing.md	./release-and-publishing.md	file	/Users/jim/code/oak/oak-mcp-ecosystem/docs/engineering/release-and-publishing.md
docs/foundation/README.md	./VISION.md	./VISION.md	file	/Users/jim/code/oak/oak-mcp-ecosystem/docs/foundation/VISION.md
docs/foundation/README.md	./quick-start.md	./quick-start.md	file	/Users/jim/code/oak/oak-mcp-ecosystem/docs/foundation/quick-start.md
docs/foundation/README.md	./onboarding.md	./onboarding.md	file	/Users/jim/code/oak/oak-mcp-ecosystem/docs/foundation/onboarding.md
docs/foundation/README.md	./VISION.md	./VISION.md	file	/Users/jim/code/oak/oak-mcp-ecosystem/docs/foundation/VISION.md
docs/foundation/README.md	./onboarding.md	./onboarding.md	file	/Users/jim/code/oak/oak-mcp-ecosystem/docs/foundation/onboarding.md
docs/foundation/README.md	./quick-start.md	./quick-start.md	file	/Users/jim/code/oak/oak-mcp-ecosystem/docs/foundation/quick-start.md
docs/foundation/README.md	../README.md	../README.md	file	/Users/jim/code/oak/oak-mcp-ecosystem/docs/README.md
docs/foundation/VISION.md	../domain/curriculum-guide.md	../domain/curriculum-guide.md	file	/Users/jim/code/oak/oak-mcp-ecosystem/docs/domain/curriculum-guide.md
docs/foundation/VISION.md	../../.agent/directives/practice.md	../../.agent/directives/practice.md	file	/Users/jim/code/oak/oak-mcp-ecosystem/.agent/directives/practice.md
docs/foundation/VISION.md	../architecture/architectural-decisions/119-agentic-engineering-practice.md	../architecture/architectural-decisions/119-agentic-engineering-practice.md	file	/Users/jim/code/oak/oak-mcp-ecosystem/docs/architecture/architectural-decisions/119-agentic-engineering-practice.md
docs/foundation/VISION.md	../../.agent/plans/high-level-plan.md	../../.agent/plans/high-level-plan.md	file	/Users/jim/code/oak/oak-mcp-ecosystem/.agent/plans/high-level-plan.md
docs/foundation/VISION.md	../../LICENCE-DATA.md	../../LICENCE-DATA.md	file	/Users/jim/code/oak/oak-mcp-ecosystem/LICENCE-DATA.md
docs/foundation/VISION.md	../architecture/architectural-decisions/008-ecosystem-architecture-vision.md	../architecture/architectural-decisions/008-ecosystem-architecture-vision.md	file	/Users/jim/code/oak/oak-mcp-ecosystem/docs/architecture/architectural-decisions/008-ecosystem-architecture-vision.md
docs/foundation/VISION.md	../architecture/architectural-decisions/119-agentic-engineering-practice.md	../architecture/architectural-decisions/119-agentic-engineering-practice.md	file	/Users/jim/code/oak/oak-mcp-ecosystem/docs/architecture/architectural-decisions/119-agentic-engineering-practice.md
docs/foundation/onboarding.md	../../.cursor/commands/jc-start-right.md	../../.cursor/commands/jc-start-right.md	file	/Users/jim/code/oak/oak-mcp-ecosystem/.cursor/commands/jc-start-right.md
docs/foundation/onboarding.md	../../.agent/prompts/start-right.prompt.md	../../.agent/prompts/start-right.prompt.md	file	/Users/jim/code/oak/oak-mcp-ecosystem/.agent/prompts/start-right.prompt.md
docs/foundation/onboarding.md	../../.agent/skills/start-right/SKILL.md	../../.agent/skills/start-right/SKILL.md	file	/Users/jim/code/oak/oak-mcp-ecosystem/.agent/skills/start-right/SKILL.md
docs/foundation/onboarding.md	../../.agent/directives/AGENT.md	../../.agent/directives/AGENT.md	file	/Users/jim/code/oak/oak-mcp-ecosystem/.agent/directives/AGENT.md
docs/foundation/onboarding.md	../foundation/VISION.md	../foundation/VISION.md	file	/Users/jim/code/oak/oak-mcp-ecosystem/docs/foundation/VISION.md
docs/foundation/onboarding.md	../domain/curriculum-guide.md	../domain/curriculum-guide.md	file	/Users/jim/code/oak/oak-mcp-ecosystem/docs/domain/curriculum-guide.md
docs/foundation/onboarding.md	../../.agent/plans/high-level-plan.md	../../.agent/plans/high-level-plan.md	file	/Users/jim/code/oak/oak-mcp-ecosystem/.agent/plans/high-level-plan.md
docs/foundation/onboarding.md	../architecture/architectural-decisions/	../architecture/architectural-decisions/	dir	/Users/jim/code/oak/oak-mcp-ecosystem/docs/architecture/architectural-decisions
docs/foundation/onboarding.md	../../.agent/directives/practice.md	../../.agent/directives/practice.md	file	/Users/jim/code/oak/oak-mcp-ecosystem/.agent/directives/practice.md
docs/foundation/onboarding.md	../../.agent/directives/practice.md	../../.agent/directives/practice.md	file	/Users/jim/code/oak/oak-mcp-ecosystem/.agent/directives/practice.md
docs/foundation/onboarding.md	../architecture/openapi-pipeline.md	../architecture/openapi-pipeline.md	file	/Users/jim/code/oak/oak-mcp-ecosystem/docs/architecture/openapi-pipeline.md
docs/foundation/onboarding.md	../architecture/architectural-decisions/	../architecture/architectural-decisions/	dir	/Users/jim/code/oak/oak-mcp-ecosystem/docs/architecture/architectural-decisions
docs/foundation/onboarding.md	../architecture/architectural-decisions/029-no-manual-api-data.md	../architecture/architectural-decisions/029-no-manual-api-data.md	file	/Users/jim/code/oak/oak-mcp-ecosystem/docs/architecture/architectural-decisions/029-no-manual-api-data.md
docs/foundation/onboarding.md	../architecture/architectural-decisions/030-sdk-single-source-truth.md	../architecture/architectural-decisions/030-sdk-single-source-truth.md	file	/Users/jim/code/oak/oak-mcp-ecosystem/docs/architecture/architectural-decisions/030-sdk-single-source-truth.md
docs/foundation/onboarding.md	../architecture/architectural-decisions/031-generation-time-extraction.md	../architecture/architectural-decisions/031-generation-time-extraction.md	file	/Users/jim/code/oak/oak-mcp-ecosystem/docs/architecture/architectural-decisions/031-generation-time-extraction.md
docs/foundation/onboarding.md	../architecture/architectural-decisions/README.md#start-here-5-adrs-in-15-minutes	../architecture/architectural-decisions/README.md	file	/Users/jim/code/oak/oak-mcp-ecosystem/docs/architecture/architectural-decisions/README.md
docs/foundation/onboarding.md	../../.agent/directives/AGENT.md	../../.agent/directives/AGENT.md	file	/Users/jim/code/oak/oak-mcp-ecosystem/.agent/directives/AGENT.md
docs/foundation/onboarding.md	../../.agent/directives/rules.md	../../.agent/directives/rules.md	file	/Users/jim/code/oak/oak-mcp-ecosystem/.agent/directives/rules.md
docs/foundation/onboarding.md	../../.agent/directives/practice.md	../../.agent/directives/practice.md	file	/Users/jim/code/oak/oak-mcp-ecosystem/.agent/directives/practice.md
docs/foundation/onboarding.md	../../README.md	../../README.md	file	/Users/jim/code/oak/oak-mcp-ecosystem/README.md
docs/foundation/onboarding.md	../../packages/sdks/oak-sdk-codegen/README.md	../../packages/sdks/oak-sdk-codegen/README.md	file	/Users/jim/code/oak/oak-mcp-ecosystem/packages/sdks/oak-sdk-codegen/README.md
docs/foundation/onboarding.md	../../packages/sdks/oak-curriculum-sdk/README.md	../../packages/sdks/oak-curriculum-sdk/README.md	file	/Users/jim/code/oak/oak-mcp-ecosystem/packages/sdks/oak-curriculum-sdk/README.md
docs/foundation/onboarding.md	../../apps/oak-search-cli/README.md	../../apps/oak-search-cli/README.md	file	/Users/jim/code/oak/oak-mcp-ecosystem/apps/oak-search-cli/README.md
docs/foundation/onboarding.md	../engineering/build-system.md	../engineering/build-system.md	file	/Users/jim/code/oak/oak-mcp-ecosystem/docs/engineering/build-system.md
docs/foundation/onboarding.md	../../.agent/prompts/start-right-thorough.prompt.md	../../.agent/prompts/start-right-thorough.prompt.md	file	/Users/jim/code/oak/oak-mcp-ecosystem/.agent/prompts/start-right-thorough.prompt.md
docs/foundation/onboarding.md	../operations/environment-variables.md	../operations/environment-variables.md	file	/Users/jim/code/oak/oak-mcp-ecosystem/docs/operations/environment-variables.md
docs/foundation/onboarding.md	../../apps/oak-search-cli/docs/ARCHITECTURE.md	../../apps/oak-search-cli/docs/ARCHITECTURE.md	file	/Users/jim/code/oak/oak-mcp-ecosystem/apps/oak-search-cli/docs/ARCHITECTURE.md
docs/foundation/onboarding.md	../architecture/architectural-decisions/029-no-manual-api-data.md	../architecture/architectural-decisions/029-no-manual-api-data.md	file	/Users/jim/code/oak/oak-mcp-ecosystem/docs/architecture/architectural-decisions/029-no-manual-api-data.md
docs/foundation/onboarding.md	../architecture/architectural-decisions/030-sdk-single-source-truth.md	../architecture/architectural-decisions/030-sdk-single-source-truth.md	file	/Users/jim/code/oak/oak-mcp-ecosystem/docs/architecture/architectural-decisions/030-sdk-single-source-truth.md
docs/foundation/onboarding.md	../architecture/architectural-decisions/031-generation-time-extraction.md	../architecture/architectural-decisions/031-generation-time-extraction.md	file	/Users/jim/code/oak/oak-mcp-ecosystem/docs/architecture/architectural-decisions/031-generation-time-extraction.md
docs/foundation/onboarding.md	../architecture/architectural-decisions/048-shared-parse-schema-helper.md	../architecture/architectural-decisions/048-shared-parse-schema-helper.md	file	/Users/jim/code/oak/oak-mcp-ecosystem/docs/architecture/architectural-decisions/048-shared-parse-schema-helper.md
docs/foundation/onboarding.md	../architecture/architectural-decisions/063-sdk-domain-synonyms-source-of-truth.md	../architecture/architectural-decisions/063-sdk-domain-synonyms-source-of-truth.md	file	/Users/jim/code/oak/oak-mcp-ecosystem/docs/architecture/architectural-decisions/063-sdk-domain-synonyms-source-of-truth.md
docs/foundation/onboarding.md	../architecture/architectural-decisions/074-elastic-native-first-philosophy.md	../architecture/architectural-decisions/074-elastic-native-first-philosophy.md	file	/Users/jim/code/oak/oak-mcp-ecosystem/docs/architecture/architectural-decisions/074-elastic-native-first-philosophy.md
docs/foundation/onboarding.md	../architecture/architectural-decisions/076-elser-only-embedding-strategy.md	../architecture/architectural-decisions/076-elser-only-embedding-strategy.md	file	/Users/jim/code/oak/oak-mcp-ecosystem/docs/architecture/architectural-decisions/076-elser-only-embedding-strategy.md
docs/foundation/onboarding.md	../architecture/architectural-decisions/107-deterministic-sdk-nl-in-mcp-boundary.md	../architecture/architectural-decisions/107-deterministic-sdk-nl-in-mcp-boundary.md	file	/Users/jim/code/oak/oak-mcp-ecosystem/docs/architecture/architectural-decisions/107-deterministic-sdk-nl-in-mcp-boundary.md
docs/foundation/onboarding.md	../architecture/architectural-decisions/113-mcp-spec-compliant-auth-for-all-methods.md	../architecture/architectural-decisions/113-mcp-spec-compliant-auth-for-all-methods.md	file	/Users/jim/code/oak/oak-mcp-ecosystem/docs/architecture/architectural-decisions/113-mcp-spec-compliant-auth-for-all-methods.md
docs/foundation/onboarding.md	../architecture/architectural-decisions/115-proxy-oauth-as-for-cursor.md	../architecture/architectural-decisions/115-proxy-oauth-as-for-cursor.md	file	/Users/jim/code/oak/oak-mcp-ecosystem/docs/architecture/architectural-decisions/115-proxy-oauth-as-for-cursor.md
docs/foundation/onboarding.md	../engineering/build-system.md#command-naming-source-of-truth	../engineering/build-system.md	file	/Users/jim/code/oak/oak-mcp-ecosystem/docs/engineering/build-system.md
docs/foundation/onboarding.md	../engineering/build-system.md	../engineering/build-system.md	file	/Users/jim/code/oak/oak-mcp-ecosystem/docs/engineering/build-system.md
docs/foundation/onboarding.md	../domain/curriculum-guide.md	../domain/curriculum-guide.md	file	/Users/jim/code/oak/oak-mcp-ecosystem/docs/domain/curriculum-guide.md
docs/foundation/onboarding.md	../domain/DATA-VARIANCES.md	../domain/DATA-VARIANCES.md	file	/Users/jim/code/oak/oak-mcp-ecosystem/docs/domain/DATA-VARIANCES.md
docs/foundation/onboarding.md	../engineering/workflow.md	../engineering/workflow.md	file	/Users/jim/code/oak/oak-mcp-ecosystem/docs/engineering/workflow.md
docs/foundation/onboarding.md	../../.agent/directives/practice.md#sustainability-and-scaling	../../.agent/directives/practice.md	file	/Users/jim/code/oak/oak-mcp-ecosystem/.agent/directives/practice.md
docs/foundation/onboarding.md	../../.agent/directives/rules.md	../../.agent/directives/rules.md	file	/Users/jim/code/oak/oak-mcp-ecosystem/.agent/directives/rules.md
docs/foundation/onboarding.md	../engineering/workflow.md	../engineering/workflow.md	file	/Users/jim/code/oak/oak-mcp-ecosystem/docs/engineering/workflow.md
docs/foundation/onboarding.md	../architecture/architectural-decisions/119-agentic-engineering-practice.md	../architecture/architectural-decisions/119-agentic-engineering-practice.md	file	/Users/jim/code/oak/oak-mcp-ecosystem/docs/architecture/architectural-decisions/119-agentic-engineering-practice.md
docs/foundation/onboarding.md	../../.agent/directives/practice.md	../../.agent/directives/practice.md	file	/Users/jim/code/oak/oak-mcp-ecosystem/.agent/directives/practice.md
docs/foundation/onboarding.md	../README.md	../README.md	file	/Users/jim/code/oak/oak-mcp-ecosystem/docs/README.md
docs/foundation/onboarding.md	../domain/DATA-VARIANCES.md	../domain/DATA-VARIANCES.md	file	/Users/jim/code/oak/oak-mcp-ecosystem/docs/domain/DATA-VARIANCES.md
docs/foundation/onboarding.md	../architecture/architectural-decisions/	../architecture/architectural-decisions/	dir	/Users/jim/code/oak/oak-mcp-ecosystem/docs/architecture/architectural-decisions
docs/foundation/onboarding.md	../governance/development-practice.md	../governance/development-practice.md	file	/Users/jim/code/oak/oak-mcp-ecosystem/docs/governance/development-practice.md
docs/foundation/onboarding.md	../../.agent/directives/testing-strategy.md	../../.agent/directives/testing-strategy.md	file	/Users/jim/code/oak/oak-mcp-ecosystem/.agent/directives/testing-strategy.md
docs/foundation/onboarding.md	../../packages/sdks/oak-curriculum-sdk/src/mcp/ontology-data.ts	../../packages/sdks/oak-curriculum-sdk/src/mcp/ontology-data.ts	file	/Users/jim/code/oak/oak-mcp-ecosystem/packages/sdks/oak-curriculum-sdk/src/mcp/ontology-data.ts
docs/foundation/onboarding.md	../engineering/release-and-publishing.md	../engineering/release-and-publishing.md	file	/Users/jim/code/oak/oak-mcp-ecosystem/docs/engineering/release-and-publishing.md
docs/foundation/onboarding.md	../engineering/extending.md	../engineering/extending.md	file	/Users/jim/code/oak/oak-mcp-ecosystem/docs/engineering/extending.md
docs/foundation/onboarding.md	../operations/troubleshooting.md	../operations/troubleshooting.md	file	/Users/jim/code/oak/oak-mcp-ecosystem/docs/operations/troubleshooting.md
docs/foundation/quick-start.md	../architecture/openapi-pipeline.md	../architecture/openapi-pipeline.md	file	/Users/jim/code/oak/oak-mcp-ecosystem/docs/architecture/openapi-pipeline.md
docs/foundation/quick-start.md	./onboarding.md	./onboarding.md	file	/Users/jim/code/oak/oak-mcp-ecosystem/docs/foundation/onboarding.md
docs/foundation/quick-start.md	../../.agent/directives/AGENT.md	../../.agent/directives/AGENT.md	file	/Users/jim/code/oak/oak-mcp-ecosystem/.agent/directives/AGENT.md
docs/foundation/quick-start.md	../governance/ai-agent-guide.md	../governance/ai-agent-guide.md	file	/Users/jim/code/oak/oak-mcp-ecosystem/docs/governance/ai-agent-guide.md
docs/foundation/quick-start.md	../architecture/architectural-decisions/	../architecture/architectural-decisions/	dir	/Users/jim/code/oak/oak-mcp-ecosystem/docs/architecture/architectural-decisions
docs/foundation/quick-start.md	../architecture/architectural-decisions/029-no-manual-api-data.md	../architecture/architectural-decisions/029-no-manual-api-data.md	file	/Users/jim/code/oak/oak-mcp-ecosystem/docs/architecture/architectural-decisions/029-no-manual-api-data.md
docs/foundation/quick-start.md	../architecture/architectural-decisions/030-sdk-single-source-truth.md	../architecture/architectural-decisions/030-sdk-single-source-truth.md	file	/Users/jim/code/oak/oak-mcp-ecosystem/docs/architecture/architectural-decisions/030-sdk-single-source-truth.md
docs/foundation/quick-start.md	../architecture/architectural-decisions/031-generation-time-extraction.md	../architecture/architectural-decisions/031-generation-time-extraction.md	file	/Users/jim/code/oak/oak-mcp-ecosystem/docs/architecture/architectural-decisions/031-generation-time-extraction.md
docs/foundation/quick-start.md	../architecture/architectural-decisions/048-shared-parse-schema-helper.md	../architecture/architectural-decisions/048-shared-parse-schema-helper.md	file	/Users/jim/code/oak/oak-mcp-ecosystem/docs/architecture/architectural-decisions/048-shared-parse-schema-helper.md
docs/foundation/quick-start.md	../../.agent/directives/AGENT.md	../../.agent/directives/AGENT.md	file	/Users/jim/code/oak/oak-mcp-ecosystem/.agent/directives/AGENT.md
docs/foundation/quick-start.md	../governance/ai-agent-guide.md	../governance/ai-agent-guide.md	file	/Users/jim/code/oak/oak-mcp-ecosystem/docs/governance/ai-agent-guide.md
docs/foundation/quick-start.md	../../.agent/prompts/start-right-thorough.prompt.md	../../.agent/prompts/start-right-thorough.prompt.md	file	/Users/jim/code/oak/oak-mcp-ecosystem/.agent/prompts/start-right-thorough.prompt.md
docs/foundation/quick-start.md	../operations/environment-variables.md	../operations/environment-variables.md	file	/Users/jim/code/oak/oak-mcp-ecosystem/docs/operations/environment-variables.md
docs/foundation/quick-start.md	./onboarding.md#known-gate-caveats	./onboarding.md	file	/Users/jim/code/oak/oak-mcp-ecosystem/docs/foundation/onboarding.md
docs/foundation/quick-start.md	../domain/DATA-VARIANCES.md	../domain/DATA-VARIANCES.md	file	/Users/jim/code/oak/oak-mcp-ecosystem/docs/domain/DATA-VARIANCES.md
docs/foundation/quick-start.md	../architecture/openapi-pipeline.md#execution-model-schema-first-tool-invocation	../architecture/openapi-pipeline.md	file	/Users/jim/code/oak/oak-mcp-ecosystem/docs/architecture/openapi-pipeline.md
docs/foundation/quick-start.md	../../.agent/directives/schema-first-execution.md	../../.agent/directives/schema-first-execution.md	file	/Users/jim/code/oak/oak-mcp-ecosystem/.agent/directives/schema-first-execution.md
docs/foundation/quick-start.md	./onboarding.md#known-gate-caveats	./onboarding.md	file	/Users/jim/code/oak/oak-mcp-ecosystem/docs/foundation/onboarding.md
docs/foundation/quick-start.md	../architecture/openapi-pipeline.md	../architecture/openapi-pipeline.md	file	/Users/jim/code/oak/oak-mcp-ecosystem/docs/architecture/openapi-pipeline.md
docs/foundation/quick-start.md	../domain/DATA-VARIANCES.md	../domain/DATA-VARIANCES.md	file	/Users/jim/code/oak/oak-mcp-ecosystem/docs/domain/DATA-VARIANCES.md
docs/foundation/quick-start.md	../operations/environment-variables.md	../operations/environment-variables.md	file	/Users/jim/code/oak/oak-mcp-ecosystem/docs/operations/environment-variables.md
docs/foundation/quick-start.md	./onboarding.md	./onboarding.md	file	/Users/jim/code/oak/oak-mcp-ecosystem/docs/foundation/onboarding.md
docs/foundation/quick-start.md	../../CONTRIBUTING.md	../../CONTRIBUTING.md	file	/Users/jim/code/oak/oak-mcp-ecosystem/CONTRIBUTING.md
docs/foundation/quick-start.md	../architecture/openapi-pipeline.md	../architecture/openapi-pipeline.md	file	/Users/jim/code/oak/oak-mcp-ecosystem/docs/architecture/openapi-pipeline.md
docs/foundation/quick-start.md	../operations/environment-variables.md	../operations/environment-variables.md	file	/Users/jim/code/oak/oak-mcp-ecosystem/docs/operations/environment-variables.md
docs/foundation/quick-start.md	../../CONTRIBUTING.md	../../CONTRIBUTING.md	file	/Users/jim/code/oak/oak-mcp-ecosystem/CONTRIBUTING.md
docs/governance/README.md	../../.agent/directives/AGENT.md	../../.agent/directives/AGENT.md	file	/Users/jim/code/oak/oak-mcp-ecosystem/.agent/directives/AGENT.md
docs/governance/README.md	./ai-agent-guide.md	./ai-agent-guide.md	file	/Users/jim/code/oak/oak-mcp-ecosystem/docs/governance/ai-agent-guide.md
docs/governance/README.md	./development-practice.md	./development-practice.md	file	/Users/jim/code/oak/oak-mcp-ecosystem/docs/governance/development-practice.md
docs/governance/README.md	./safety-and-security.md	./safety-and-security.md	file	/Users/jim/code/oak/oak-mcp-ecosystem/docs/governance/safety-and-security.md
docs/governance/README.md	../../.agent/directives/testing-strategy.md	../../.agent/directives/testing-strategy.md	file	/Users/jim/code/oak/oak-mcp-ecosystem/.agent/directives/testing-strategy.md
docs/governance/README.md	./typescript-practice.md	./typescript-practice.md	file	/Users/jim/code/oak/oak-mcp-ecosystem/docs/governance/typescript-practice.md
docs/governance/README.md	./understanding-agent-references.md	./understanding-agent-references.md	file	/Users/jim/code/oak/oak-mcp-ecosystem/docs/governance/understanding-agent-references.md
docs/governance/README.md	../../.agent/directives/AGENT.md	../../.agent/directives/AGENT.md	file	/Users/jim/code/oak/oak-mcp-ecosystem/.agent/directives/AGENT.md
docs/governance/README.md	./ai-agent-guide.md	./ai-agent-guide.md	file	/Users/jim/code/oak/oak-mcp-ecosystem/docs/governance/ai-agent-guide.md
docs/governance/ai-agent-guide.md	../../.agent/directives/AGENT.md	../../.agent/directives/AGENT.md	file	/Users/jim/code/oak/oak-mcp-ecosystem/.agent/directives/AGENT.md
docs/governance/ai-agent-guide.md	../../.cursor/commands/jc-start-right.md	../../.cursor/commands/jc-start-right.md	file	/Users/jim/code/oak/oak-mcp-ecosystem/.cursor/commands/jc-start-right.md
docs/governance/ai-agent-guide.md	../../.agent/prompts/start-right.prompt.md	../../.agent/prompts/start-right.prompt.md	file	/Users/jim/code/oak/oak-mcp-ecosystem/.agent/prompts/start-right.prompt.md
docs/governance/ai-agent-guide.md	../../.agent/skills/start-right/SKILL.md	../../.agent/skills/start-right/SKILL.md	file	/Users/jim/code/oak/oak-mcp-ecosystem/.agent/skills/start-right/SKILL.md
docs/governance/ai-agent-guide.md	../../.agent/directives/AGENT.md	../../.agent/directives/AGENT.md	file	/Users/jim/code/oak/oak-mcp-ecosystem/.agent/directives/AGENT.md
docs/governance/ai-agent-guide.md	../../.agent/directives/rules.md	../../.agent/directives/rules.md	file	/Users/jim/code/oak/oak-mcp-ecosystem/.agent/directives/rules.md
docs/governance/ai-agent-guide.md	../architecture/architectural-decisions/	../architecture/architectural-decisions/	dir	/Users/jim/code/oak/oak-mcp-ecosystem/docs/architecture/architectural-decisions
docs/governance/ai-agent-guide.md	../../.agent/memory/distilled.md	../../.agent/memory/distilled.md	file	/Users/jim/code/oak/oak-mcp-ecosystem/.agent/memory/distilled.md
docs/governance/ai-agent-guide.md	../../.agent/directives/testing-strategy.md	../../.agent/directives/testing-strategy.md	file	/Users/jim/code/oak/oak-mcp-ecosystem/.agent/directives/testing-strategy.md
docs/governance/ai-agent-guide.md	../../.agent/prompts/GO.md	../../.agent/prompts/GO.md	file	/Users/jim/code/oak/oak-mcp-ecosystem/.agent/prompts/GO.md
docs/governance/ai-agent-guide.md	../../.cursor/skills/distillation/SKILL.md	../../.cursor/skills/distillation/SKILL.md	file	/Users/jim/code/oak/oak-mcp-ecosystem/.cursor/skills/distillation/SKILL.md
docs/governance/ai-agent-guide.md	../../.cursor/skills/napkin/SKILL.md	../../.cursor/skills/napkin/SKILL.md	file	/Users/jim/code/oak/oak-mcp-ecosystem/.cursor/skills/napkin/SKILL.md
docs/governance/ai-agent-guide.md	../../.cursor/skills/distillation/SKILL.md	../../.cursor/skills/distillation/SKILL.md	file	/Users/jim/code/oak/oak-mcp-ecosystem/.cursor/skills/distillation/SKILL.md
docs/governance/ai-agent-guide.md	../../.agent/experience/README.md	../../.agent/experience/README.md	file	/Users/jim/code/oak/oak-mcp-ecosystem/.agent/experience/README.md
docs/governance/ai-agent-guide.md	./safety-and-security.md	./safety-and-security.md	file	/Users/jim/code/oak/oak-mcp-ecosystem/docs/governance/safety-and-security.md
docs/governance/ai-agent-guide.md	./development-practice.md	./development-practice.md	file	/Users/jim/code/oak/oak-mcp-ecosystem/docs/governance/development-practice.md
docs/governance/ai-agent-guide.md	../operations/troubleshooting.md	../operations/troubleshooting.md	file	/Users/jim/code/oak/oak-mcp-ecosystem/docs/operations/troubleshooting.md
docs/governance/ai-agent-guide.md	../architecture/README.md	../architecture/README.md	file	/Users/jim/code/oak/oak-mcp-ecosystem/docs/architecture/README.md
docs/governance/development-practice.md	./typescript-practice.md	./typescript-practice.md	file	/Users/jim/code/oak/oak-mcp-ecosystem/docs/governance/typescript-practice.md
docs/governance/development-practice.md	../../.agent/directives/testing-strategy.md	../../.agent/directives/testing-strategy.md	file	/Users/jim/code/oak/oak-mcp-ecosystem/.agent/directives/testing-strategy.md
docs/governance/development-practice.md	./typescript-practice.md	./typescript-practice.md	file	/Users/jim/code/oak/oak-mcp-ecosystem/docs/governance/typescript-practice.md
docs/governance/development-practice.md	../engineering/tooling.md	../engineering/tooling.md	file	/Users/jim/code/oak/oak-mcp-ecosystem/docs/engineering/tooling.md
docs/governance/logging-guidance.md	../../packages/libs/logger/README.md	../../packages/libs/logger/README.md	file	/Users/jim/code/oak/oak-mcp-ecosystem/packages/libs/logger/README.md
docs/governance/logging-guidance.md	../../.agent/directives/testing-strategy.md	../../.agent/directives/testing-strategy.md	file	/Users/jim/code/oak/oak-mcp-ecosystem/.agent/directives/testing-strategy.md
docs/governance/logging-guidance.md	../../apps/oak-curriculum-mcp-streamable-http/README.md	../../apps/oak-curriculum-mcp-streamable-http/README.md	file	/Users/jim/code/oak/oak-mcp-ecosystem/apps/oak-curriculum-mcp-streamable-http/README.md
docs/governance/logging-guidance.md	../../apps/oak-curriculum-mcp-stdio/README.md	../../apps/oak-curriculum-mcp-stdio/README.md	file	/Users/jim/code/oak/oak-mcp-ecosystem/apps/oak-curriculum-mcp-stdio/README.md
docs/governance/logging-guidance.md	../operations/production-debugging-runbook.md	../operations/production-debugging-runbook.md	file	/Users/jim/code/oak/oak-mcp-ecosystem/docs/operations/production-debugging-runbook.md
docs/operations/README.md	./environment-variables.md	./environment-variables.md	file	/Users/jim/code/oak/oak-mcp-ecosystem/docs/operations/environment-variables.md
docs/operations/README.md	./production-debugging-runbook.md	./production-debugging-runbook.md	file	/Users/jim/code/oak/oak-mcp-ecosystem/docs/operations/production-debugging-runbook.md
docs/operations/README.md	./troubleshooting.md	./troubleshooting.md	file	/Users/jim/code/oak/oak-mcp-ecosystem/docs/operations/troubleshooting.md
docs/operations/README.md	../engineering/README.md	../engineering/README.md	file	/Users/jim/code/oak/oak-mcp-ecosystem/docs/engineering/README.md
docs/operations/environment-variables.md	../../apps/oak-curriculum-mcp-streamable-http/docs/vercel-environment-config.md	../../apps/oak-curriculum-mcp-streamable-http/docs/vercel-environment-config.md	file	/Users/jim/code/oak/oak-mcp-ecosystem/apps/oak-curriculum-mcp-streamable-http/docs/vercel-environment-config.md
docs/operations/environment-variables.md	../foundation/onboarding.md	../foundation/onboarding.md	file	/Users/jim/code/oak/oak-mcp-ecosystem/docs/foundation/onboarding.md
docs/operations/environment-variables.md	../../README.md	../../README.md	file	/Users/jim/code/oak/oak-mcp-ecosystem/README.md
docs/operations/environment-variables.md	../../CONTRIBUTING.md	../../CONTRIBUTING.md	file	/Users/jim/code/oak/oak-mcp-ecosystem/CONTRIBUTING.md
docs/operations/production-debugging-runbook.md	../../apps/oak-curriculum-mcp-streamable-http/README.md	../../apps/oak-curriculum-mcp-streamable-http/README.md	file	/Users/jim/code/oak/oak-mcp-ecosystem/apps/oak-curriculum-mcp-streamable-http/README.md
docs/operations/production-debugging-runbook.md	../../apps/oak-curriculum-mcp-stdio/README.md	../../apps/oak-curriculum-mcp-stdio/README.md	file	/Users/jim/code/oak/oak-mcp-ecosystem/apps/oak-curriculum-mcp-stdio/README.md
docs/operations/production-debugging-runbook.md	../../packages/libs/logger/README.md	../../packages/libs/logger/README.md	file	/Users/jim/code/oak/oak-mcp-ecosystem/packages/libs/logger/README.md
docs/operations/production-debugging-runbook.md	../../.agent/directives/testing-strategy.md	../../.agent/directives/testing-strategy.md	file	/Users/jim/code/oak/oak-mcp-ecosystem/.agent/directives/testing-strategy.md
docs/operations/troubleshooting.md	./environment-variables.md	./environment-variables.md	file	/Users/jim/code/oak/oak-mcp-ecosystem/docs/operations/environment-variables.md
